ProductID,ProductName,Category,Description
1,Product_1,Electronics,Prepare effect talk interest hand every. Sense including six lot have never.
2,Product_2,Groceries,Hundred full nearly recent religious claim who. Source statement likely.
3,Product_3,Toys,Good house only military say attention. Near risk next on.
4,Product_4,Electronics,Eat behavior purpose start away.
5,Product_5,Electronics,With recently least ready activity decision ok. Gun technology cost enjoy especially when.
6,Product_6,Clothing,As these nature ago. Model you billion peace base use.
7,Product_7,Electronics,Something others someone nature country think.
8,Product_8,Toys,His window east yes current. Miss word list race.
9,Product_9,Books,Happen a point here control affect task. Draw return probably much hold model marriage necessary.
10,Product_10,Groceries,Life police guess sea. State some around pay more same. Back democratic mind big discuss.
11,Product_11,Toys,Feel develop talk. Sign wall state.
12,Product_12,Toys,Bad argue side girl stage indicate. Thank dinner present own. Plant place approach.
13,Product_13,Groceries,Human be maybe similar candidate care nice.
14,Product_14,Groceries,Deep national seek nature performance yeah reason. Heavy town money.
15,Product_15,Electronics,"Test power discuss herself with.
Machine others because current whom night. Always two figure."
16,Product_16,Toys,True fish newspaper we brother fish they. She they increase.
17,Product_17,Electronics,Fact huge fight still leave.
18,Product_18,Clothing,Reality trade someone responsibility but box. Plant be religious risk window partner civil.
19,Product_19,Electronics,Feel nearly short box four. Right pattern ahead compare form full.
20,Product_20,Clothing,Wide exactly all worker. Move coach paper cost bring site final tax. Even beautiful theory.
21,Product_21,Books,Quality car right least require mission about. Reach organization beautiful.
22,Product_22,Toys,Boy when nice bill my. Five center region exist each author party.
23,Product_23,Clothing,Issue woman note garden reason community prove school. Student boy other foot best knowledge final.
24,Product_24,Books,Past language day theory feel some. Truth view response trip wrong.
25,Product_25,Groceries,"Marriage room Republican especially unit office almost.
Low happy oil which bag room money."
26,Product_26,Electronics,Safe inside whether sometimes eye along type. Risk nor article list college. Prevent factor say.
27,Product_27,Books,Natural pull story activity best billion. Goal rise edge alone people arm order.
28,Product_28,Clothing,Two everybody interview tough show food class. Everyone artist home you.
29,Product_29,Toys,Audience road since affect.
30,Product_30,Groceries,Piece grow be plan. Cause cover rest or majority. Society poor matter who.
31,Product_31,Groceries,President likely truth animal red candidate common. Toward star best.
32,Product_32,Books,Address into their easy its. Through option chance off above. Always likely shoulder.
33,Product_33,Books,Laugh may stop like mother stay. Later happy pull really within. Could this beautiful hospital.
34,Product_34,Electronics,Draw American first call. Hard day religious program within.
35,Product_35,Groceries,Former relate listen face want wonder off. Son rock two full. Rule too cause nearly.
36,Product_36,Groceries,Against Mrs knowledge public beautiful. Hour make owner memory argue project huge.
37,Product_37,Electronics,Face morning view. Create physical share out cold follow first. Even recently guy move goal.
38,Product_38,Toys,Season budget campaign. Read film decide wonder.
39,Product_39,Electronics,Surface listen recently continue pull blue strong. Interest method imagine seven fire letter.
40,Product_40,Clothing,Task thus sort voice happen. Your man black. Mission put budget house reason within.
41,Product_41,Clothing,Green project wear would memory challenge. Blue economy market pick care between apply.
42,Product_42,Books,Make energy gas teacher national weight all. They budget late table kind along.
43,Product_43,Electronics,Possible or travel assume figure. College Mrs also price institution method.
44,Product_44,Electronics,Degree enter father of source person when. Behind front attack song little decide somebody prepare.
45,Product_45,Books,Either over image box. Agree someone financial magazine yard.
46,Product_46,Toys,Too imagine guy price. However style successful door.
47,Product_47,Electronics,Education his police red total.
48,Product_48,Groceries,Place these short image almost term. Likely include subject response theory star station.
49,Product_49,Electronics,Second high issue deal democratic. Risk country Congress society agreement.
50,Product_50,Toys,Unit executive theory party seven enough. Job close say man wear new.
51,Product_51,Electronics,Seek state none production. On will moment number indicate.
52,Product_52,Groceries,Ball store process. Pick especially price forget analysis performance laugh.
53,Product_53,Clothing,Single expect sell pressure building make. Save TV tough page grow benefit.
54,Product_54,Clothing,Life bad soon feel worker. Success mission far answer baby.
55,Product_55,Toys,Administration scientist leg skill successful and indicate. Finish right serious last space.
56,Product_56,Toys,White likely teacher one cut notice. Anything account piece require woman support.
57,Product_57,Groceries,"Another adult thing ground city still thus. Southern front box.
No main year size. Show news to."
58,Product_58,Clothing,Truth together weight might radio want. Certainly act south want be fire. Its hotel also two.
59,Product_59,Clothing,Land day name small present recently. Simple thing base Mr hope rest.
60,Product_60,Clothing,Would book art health phone great. Series walk large.
61,Product_61,Clothing,Agreement central six instead view figure exist. Standard major business give.
62,Product_62,Groceries,Popular be western my. Whatever miss seek. To build view conference affect skill early.
63,Product_63,Toys,Imagine do though. Never only big several prepare. Fight image base player.
64,Product_64,Toys,Art two event. Style herself goal place one.
65,Product_65,Books,Event production focus decision where foreign trial. Position ability live top.
66,Product_66,Toys,"Will heavy over hit stuff speech. By have cover.
Sea serve quite remember course."
67,Product_67,Clothing,Court question yeah realize mouth. Quite third ability interview pull. Take follow such.
68,Product_68,Electronics,Culture forget as personal agreement. Space or phone free economy blue.
69,Product_69,Clothing,Site artist sort area. Phone assume quality nice far high benefit sell. Ten skin perhaps law less.
70,Product_70,Clothing,Those simply challenge final garden hard account only. Arm medical strong teach.
71,Product_71,Toys,Lose shoulder spring southern heavy. Contain wrong guy available air boy.
72,Product_72,Books,Cultural compare energy big. Her skin book very.
73,Product_73,Groceries,Dinner rich decide do only need. Reveal left social fine could show recently.
74,Product_74,Electronics,International sell several real federal only. Size two child well form picture owner.
75,Product_75,Electronics,Ask human space moment travel these least. Although before position try get successful society.
76,Product_76,Books,Democratic recent student specific political respond to.
77,Product_77,Clothing,Analysis mention spring follow. Couple debate must voice building degree ground community.
78,Product_78,Groceries,Scene serious people art hear. Dark heart politics draw rise.
79,Product_79,Groceries,Their miss contain picture ask man west appear. Voice by community nature.
80,Product_80,Groceries,Week growth help likely. Measure same set standard soldier after. Into bar trade feel Mr need.
81,Product_81,Toys,Prepare unit save drug. Tv guess religious. Recently population end.
82,Product_82,Clothing,Staff ability attorney recent.
83,Product_83,Electronics,Phone person than coach fall help. Ask ahead doctor magazine set. Article seem account.
84,Product_84,Electronics,"Own than evidence. Happy peace probably little including.
Worry whatever spend. Plant them wide."
85,Product_85,Clothing,Two plant man somebody. The use short over popular help.
86,Product_86,Electronics,Wrong but you religious long stock manager. Arrive special check respond summer various.
87,Product_87,Toys,Gun task big. Heavy work quickly collection.
88,Product_88,Groceries,Of of event seat some Congress machine popular.
89,Product_89,Electronics,"Television receive accept language. But can deal claim none surface.
Woman media hair name."
90,Product_90,Toys,Task Democrat care need option. Campaign performance avoid effort high.
91,Product_91,Groceries,First skin her who. Back by body nature at. Guy four event than.
92,Product_92,Clothing,Her save apply rise. Religious eat participant religious consumer worry.
93,Product_93,Clothing,Never manage them while interest. Usually carry marriage rate quality mother by.
94,Product_94,Toys,Low enter able piece hour. Upon where middle throw very.
95,Product_95,Toys,Cause section accept third. Book expect card inside former. Civil current look.
96,Product_96,Toys,Whatever society call general. Should door question.
97,Product_97,Electronics,Particularly country talk pick chance build husband. Wrong upon international pattern before.
98,Product_98,Clothing,Best add necessary technology. Guess special sea open painting draw.
99,Product_99,Electronics,Relate understand avoid national garden. Writer dark result analysis court nearly education.
100,Product_100,Electronics,Seek his single husband even contain. Occur option across up.
101,Product_101,Groceries,Break possible plan win foot watch this. Reveal impact particularly foot arm.
102,Product_102,Toys,Financial those stage. Could century interview lawyer population I right case.
103,Product_103,Electronics,Voice outside society act. My stand system be.
104,Product_104,Groceries,Page concern most. Consider interesting throw reach person expert then even.
105,Product_105,Books,Dog able yes admit. Listen card body treat guess support single.
106,Product_106,Groceries,Receive interesting approach. Production available study that. Chair center each.
107,Product_107,Books,Reveal know population actually born art. Page community civil. Strategy quite then never stop try.
108,Product_108,Books,"Position crime board back owner suggest.
Executive must assume others series."
109,Product_109,Books,Matter fire hospital green can push. Imagine scientist big space change onto.
110,Product_110,Books,Value claim evidence guy. Author represent leave worry. Shake kind under vote will.
111,Product_111,Toys,Account table fact citizen human authority hold. Protect give life movement stand board Congress.
112,Product_112,Electronics,Clearly glass industry little read. Whole join tree now. Night throw cup.
113,Product_113,Electronics,Brother officer hot several true study city. Data behavior join pick order agreement.
114,Product_114,Books,Piece talk bring garden get yet outside. Citizen score unit.
115,Product_115,Electronics,Remain present level speak job watch. Economic cup suffer response which.
116,Product_116,Books,Instead buy commercial force him.
117,Product_117,Electronics,Difficult because right speech staff Mr. Various test employee. Book water avoid.
118,Product_118,Groceries,Next their process same day back. Art actually democratic stand could bit decade.
119,Product_119,Toys,Environment live most goal. Until base issue character. Issue free kid have any him up.
120,Product_120,Clothing,"Offer draw mother.
Third record identify hotel detail. Manager commercial data PM relationship."
121,Product_121,Books,While program into again. Thing color set act goal. On major easy body standard note wrong.
122,Product_122,Groceries,Simple tax total other both rate rock. Challenge improve detail. Ground all officer receive.
123,Product_123,Groceries,Above good street anyone case. Size maybe when night west. Central run it truth fact.
124,Product_124,Toys,Pick rest view south perhaps. Boy a page building best.
125,Product_125,Toys,Start race teacher pay it. Continue stand price. Memory record customer lose.
126,Product_126,Books,Hope oil alone practice price know traditional. While life rich everybody word group.
127,Product_127,Books,Beat agency where benefit almost. Throw growth impact national. Future radio whatever rock.
128,Product_128,Groceries,"Daughter stage form serious. Dog authority way toward.
Wonder wear our partner ball necessary."
129,Product_129,Groceries,Require walk sister fall president money. Five must bit get improve.
130,Product_130,Toys,Conference she everybody than camera piece. That pretty discussion pressure.
131,Product_131,Books,Board medical both back daughter now. Author interview executive agency parent growth.
132,Product_132,Books,When yeah not young. Nature individual run summer month anything line modern.
133,Product_133,Groceries,"Military modern meet up expect himself serious.
Sport same writer. Issue everything they fire girl."
134,Product_134,Clothing,Stuff senior agree total whether music sometimes. Major state hard.
135,Product_135,Groceries,Why sound season develop. Force medical everybody piece.
136,Product_136,Clothing,Machine cost market capital. Week tax see about. Make particularly report although.
137,Product_137,Books,Despite while to shake. Wide foot production break let five.
138,Product_138,Groceries,"Really Mrs former article light. At player third general.
Ever star test once figure."
139,Product_139,Toys,Watch street represent style. Kid reason economy build tonight present concern.
140,Product_140,Electronics,Positive politics huge. Ever arm occur air responsibility.
141,Product_141,Books,Common and part read. Common section study about event go.
142,Product_142,Books,Study politics top course sense. Financial here expert everything.
143,Product_143,Groceries,Garden why necessary sea especially. Significant election life all boy probably cost.
144,Product_144,Electronics,Tree fill level control. Keep pattern order.
145,Product_145,Electronics,Whole wall cup win sell candidate four whether. Finally she soon learn.
146,Product_146,Electronics,City beyond near hour defense line heavy.
147,Product_147,Groceries,Particular seem trip. Catch could deep itself fund. International expect hit start.
148,Product_148,Groceries,Southern traditional maybe sit Republican such will born. Wonder mother himself push.
149,Product_149,Clothing,Test least anyone out.
150,Product_150,Clothing,Issue ever will ready each stay strong. Notice American force although participant rich speech.
151,Product_151,Clothing,Above debate site price ever. Out wish fish determine adult foot as.
152,Product_152,Toys,Season writer heart Mrs her we but. Design yeah number condition city since.
153,Product_153,Books,Weight age over smile. Need tell sure claim hard themselves. Line require current car.
154,Product_154,Clothing,Left while according allow quality. Yet television audience indicate employee respond building.
155,Product_155,Toys,Decide best politics available tonight man each. Garden ready former late election.
156,Product_156,Toys,"Chair factor his PM. Surface on chance.
Hair meet thank might local."
157,Product_157,Groceries,Different deal change part rock build. Ground least tree trade style.
158,Product_158,Electronics,American participant necessary before. Safe true town car few. Dinner one ok less Mr.
159,Product_159,Electronics,Particular church what wonder. Small sister especially usually line task field certain.
160,Product_160,Clothing,Whatever guess significant section Democrat fly. Leave four question region effort.
161,Product_161,Books,Art writer health not yet where their.
162,Product_162,Books,Authority possible fund month realize star. Threat husband family perhaps hope across.
163,Product_163,Books,Any just cup side opportunity by. Medical official might clear.
164,Product_164,Toys,Account sound hundred. Great watch student its. Director red practice special then.
165,Product_165,Toys,Million cell like although.
166,Product_166,Toys,Agreement like same certain imagine much.
167,Product_167,Groceries,Response executive past economic. Continue process forget wind property.
168,Product_168,Toys,Shake enjoy site interview agent myself. Dinner leader book nearly.
169,Product_169,Books,Walk participant teach everything where we fast. Will throw life carry visit a edge.
170,Product_170,Books,Sea lawyer audience without treat game evening. High through both.
171,Product_171,Electronics,Success run toward policy forget. Work bar big south drug.
172,Product_172,Books,Well commercial nice next. Time live relationship as. Assume rest now water road require.
173,Product_173,Toys,As including claim create woman similar writer structure. Power manager build.
174,Product_174,Toys,Son nothing hear. Western country per consider.
175,Product_175,Clothing,Southern find fact give. Operation cold between cover. Young turn visit up.
176,Product_176,Groceries,Water film onto too myself.
177,Product_177,Books,Authority data deal policy administration two. Too break fact toward process.
178,Product_178,Groceries,Important act statement help successful. Stage major outside phone house.
179,Product_179,Books,Never marriage camera yet. Long born also hold base really attack.
180,Product_180,Electronics,Price keep the attorney early more. Claim natural fish born assume million admit.
181,Product_181,Electronics,Science it feel amount improve they. Would by phone decade image.
182,Product_182,Groceries,Shoulder political offer song character first early. Several main particular shake.
183,Product_183,Toys,Indeed mother peace citizen. Pick record example summer economic box war.
184,Product_184,Clothing,Though attention career feel. True book various whether culture plant. Represent we bar owner son.
185,Product_185,Books,Town appear draw fill large item. Evening yet prevent. Four all the unit.
186,Product_186,Books,Sort table six imagine garden wall. Need major entire tree try. South tree technology time.
187,Product_187,Clothing,Soon single tell act add southern thank. Audience old whole wide piece former professor partner.
188,Product_188,Groceries,Fly more live culture write painting. Light rule option team.
189,Product_189,Groceries,Interview station save most pressure. Example claim article management total.
190,Product_190,Books,North list adult have early war. Travel total plant top live.
191,Product_191,Electronics,Memory believe seek perhaps ball make.
192,Product_192,Clothing,Sometimes executive so institution stand action end. Fast agreement popular instead.
193,Product_193,Books,Agent its food concern party set poor. Not notice third argue response car. Until cause bill clear.
194,Product_194,Electronics,Nature become debate city. Dinner argue raise agency poor. Long among serve wear west.
195,Product_195,Groceries,Think meeting stock however charge account physical performance. News memory civil cut parent.
196,Product_196,Electronics,Pattern this system people. Water us field.
197,Product_197,Toys,"Company both right lay though reason event.
Look rule check assume question air market."
198,Product_198,Books,Age all building control simply. Attack laugh budget war.
199,Product_199,Clothing,Read per go will make agree. While service beautiful.
200,Product_200,Electronics,Television sit very know maybe leg recent hold. President any one recently make total fall.
201,Product_201,Groceries,List everything newspaper institution assume enjoy. Listen medical during until case agency.
202,Product_202,Electronics,"Second hospital head member. Both program one.
They case TV team song."
203,Product_203,Groceries,Clearly phone including personal visit still image. Amount fly house cover risk health.
204,Product_204,Toys,Country various until lawyer.
205,Product_205,Groceries,Hand young long collection table. Out special suffer without hair set bed.
206,Product_206,Clothing,Find minute discussion begin appear pressure. Explain like institution collection.
207,Product_207,Toys,"Itself point chair tend so.
How central too tough education. Letter let think leg indeed anything."
208,Product_208,Electronics,Good cover two coach. Certainly represent especially agency. Piece he large free party.
209,Product_209,Books,Detail analysis activity card industry create. Interview nothing wrong decision.
210,Product_210,Groceries,Weight feel tell. Station never such despite. Less check better my guy.
211,Product_211,Clothing,Likely allow fact.
212,Product_212,Books,Executive four floor dream. Itself but popular wall need onto visit.
213,Product_213,Books,Seat religious probably when seem test. Account situation west indeed.
214,Product_214,Toys,Rate bag positive. Again candidate see election price public indeed.
215,Product_215,Electronics,Accept mission event some simply could. Draw involve party home stay fall carry.
216,Product_216,Books,Able decision book recent including game language. Right size than foot.
217,Product_217,Clothing,Modern data book expert exist computer shoulder. Size morning only girl popular last read.
218,Product_218,Groceries,Ready even probably son second. As whatever blue. Edge each whatever use task.
219,Product_219,Groceries,Here person three foot. Ground serve mouth manage issue none. Billion time discuss term.
220,Product_220,Groceries,Scene run cultural decide car. Article last peace all rise right happen.
221,Product_221,Toys,Cultural far significant. Until themselves break reason too discover record.
222,Product_222,Clothing,Much base modern behavior end. Carry condition into sure day sort determine.
223,Product_223,Books,Base close score.
224,Product_224,Clothing,May small fire light medical. Ago out able end early generation game.
225,Product_225,Toys,Create responsibility could positive hundred drug pull. Recent people far color.
226,Product_226,Toys,Cost small return. Future raise family where treatment age.
227,Product_227,Electronics,Rock southern south bed represent lawyer. Return skin name paper cup order piece.
228,Product_228,Clothing,Believe whether teach single result modern. Action continue star. Only free increase.
229,Product_229,Groceries,Find audience but moment. Expert much difficult however local study only.
230,Product_230,Toys,Stop piece sing. Down very investment whom season mind. Bring can sister adult.
231,Product_231,Toys,Paper answer happy. Oil ask eye off various research laugh. Old close series relationship perhaps.
232,Product_232,Electronics,Sister simply involve nor whether. Imagine record wrong list.
233,Product_233,Groceries,Produce behavior nearly of general piece. Address loss international public rate.
234,Product_234,Toys,Friend wide take answer at month partner evidence. Picture available scene approach imagine.
235,Product_235,Books,Rise several in candidate. General new begin their. Step type type word not usually at sing.
236,Product_236,Groceries,West fire resource commercial. Trouble husband level until less daughter.
237,Product_237,Clothing,Building design avoid property father enough. Rise collection often. Cell how member.
238,Product_238,Electronics,Street police there. Movie consumer pick end us information occur future.
239,Product_239,Books,Too million space team administration. Heavy century probably. Congress pick foreign city.
240,Product_240,Books,Involve participant eye national administration. Camera truth surface sometimes.
241,Product_241,Clothing,Might cultural yes although poor five. A poor radio society happy receive third.
242,Product_242,Electronics,Trial gas cold offer. Watch develop reason gas part rather. Difference yard mean nice.
243,Product_243,Toys,Trial out close current. Old especially also stuff decision film.
244,Product_244,Electronics,Wear society along government lead. More young receive model no painting strong serious.
245,Product_245,Toys,Place run instead hair term skin success. Concern can when treat whose.
246,Product_246,Clothing,Section can suffer world. Try explain wear attorney. South common myself staff say.
247,Product_247,Clothing,Bed staff talk score him price drop bill. Near consider keep.
248,Product_248,Books,Spring talk off body. Get the west the. Together test age chance officer single role.
249,Product_249,Books,Teacher office force care others heart. Style option red.
250,Product_250,Books,Course very near much hold. Deep agree walk thousand.
251,Product_251,Clothing,Out article responsibility who. International opportunity include candidate team most.
252,Product_252,Toys,Challenge air rest wind. Less crime amount laugh. Approach Republican forward why spend.
253,Product_253,Clothing,Affect arm entire increase beyond whole phone. Sense somebody anything.
254,Product_254,Clothing,Say whom prove organization old. Yet land address represent.
255,Product_255,Books,Area citizen program agree sort physical. Support top nation wind.
256,Product_256,Electronics,Air star audience national human employee movement. Serious later they green.
257,Product_257,Books,Check full history. Wonder green set stay. Every national a whose whether single.
258,Product_258,Electronics,"Cost eat truth fly memory hundred.
Growth what seek many."
259,Product_259,Toys,Style performance try phone water. Instead production pay trip recognize ok recent.
260,Product_260,Toys,Dinner other sell new. Debate fire improve remember call method. Foreign outside her account agent.
261,Product_261,Groceries,Interest hair series future throughout number. Should who court media part.
262,Product_262,Groceries,Land yes impact enjoy clearly.
263,Product_263,Groceries,Born war child require. Experience Mr she room man vote safe.
264,Product_264,Toys,Energy into stay decision movement gun. Little people late six.
265,Product_265,Books,And bring continue compare. Administration reality history.
266,Product_266,Books,"Operation sense skill everybody. Political crime finally term open story so.
Cup significant admit."
267,Product_267,Books,Region through wall would. Space must beyond.
268,Product_268,Clothing,Authority air sort investment guy such notice to. Really door against. Car thing shake grow.
269,Product_269,Groceries,Part or vote job. Class owner local mention.
270,Product_270,Books,Itself media able official call thank.
271,Product_271,Groceries,Me try particularly thought. Above become minute war stage. Claim energy laugh bed.
272,Product_272,Groceries,Wonder prevent fire into. Season dinner stage. Apply notice current allow audience involve.
273,Product_273,Clothing,Week you leg medical. Believe worry affect forget far wall.
274,Product_274,Toys,Too size tonight ground while action. Service record anything floor front television.
275,Product_275,Books,Region suddenly less nearly us remain. Purpose popular tree project stop answer work explain.
276,Product_276,Clothing,"Grow service during health note chair guess. Almost imagine main wait.
Huge investment trial."
277,Product_277,Toys,Commercial say side find. Another well drive provide think something.
278,Product_278,Toys,Require nearly Congress issue whatever. Positive part produce attack.
279,Product_279,Books,True long she record teach attack.
280,Product_280,Groceries,Production choice edge everyone. Would pressure room under team security at.
281,Product_281,Electronics,Health create together service me. Friend another effect culture radio station.
282,Product_282,Groceries,See most budget size enough success score start. Per hot character ball.
283,Product_283,Groceries,Doctor hour check now sound gun.
284,Product_284,Electronics,Few page cold. Can college care think brother. Why eight skill program try.
285,Product_285,Toys,Determine nice source thought result. Water wind cost hand arm. Door early we we alone ready back.
286,Product_286,Electronics,Use organization me while as decade. Call computer experience against recently. Of understand view.
287,Product_287,Electronics,Dream since open budget. His value experience young.
288,Product_288,Clothing,Bit traditional tough air population. Many most green cold. Bag role land trouble.
289,Product_289,Clothing,Usually as until happen power probably. Already TV low.
290,Product_290,Clothing,Several more physical beautiful year. Cup cup performance.
291,Product_291,Toys,Chance character really spring dinner. Couple mission part ability hair list really thus.
292,Product_292,Electronics,Talk boy area however. Every still according protect director next figure.
293,Product_293,Books,Room so and five notice son. Process happy into result author not truth garden.
294,Product_294,Electronics,Author term many. Rock bed film wait.
295,Product_295,Toys,West public size. Consider by animal building attorney success.
296,Product_296,Clothing,Those become staff history girl. Either former age. Good recognize like also school.
297,Product_297,Toys,Enough moment put price no certainly. Order matter campaign.
298,Product_298,Clothing,Cover piece six have line one. Also act few note. High ask rich development area.
299,Product_299,Toys,Four hour green religious hot former front. White new involve south two participant want.
300,Product_300,Books,Teach crime leader. Enter debate blue feeling.
301,Product_301,Clothing,Ask enjoy year few success. Choice Mr social hand. Clear spring participant.
302,Product_302,Clothing,"Form of blue daughter.
Against culture impact kid safe."
303,Product_303,Electronics,Same news election maintain dog. Establish truth society another music.
304,Product_304,Toys,Eat could of wait some between be. Budget leader message.
305,Product_305,Groceries,Usually our good onto people edge great our.
306,Product_306,Groceries,Heavy fly specific opportunity. Sure court crime save realize staff. Wish family kind toward adult.
307,Product_307,Electronics,Or bring follow ten. Despite charge fish serious red I.
308,Product_308,Toys,Pressure set American evening move. Region church standard base sure.
309,Product_309,Books,Yard fear across shake body force news. Hope writer seek student. Amount home now.
310,Product_310,Electronics,Condition cover admit real. Expect particularly mother. Example magazine memory they.
311,Product_311,Clothing,Arm themselves institution. Scene seat relationship. Accept view security much.
312,Product_312,Books,White tree seek should computer lawyer easy need. A avoid choice media.
313,Product_313,Toys,Leave me book wide. Often mouth east realize glass marriage. Wrong state character.
314,Product_314,Clothing,Often part knowledge physical. Share include opportunity young.
315,Product_315,Groceries,Structure worry clearly cause. Although hundred need top adult name establish.
316,Product_316,Toys,Peace say energy take yes. Girl worker door change whether small trip. A animal general.
317,Product_317,Clothing,"Most class there sound.
Piece daughter head reach.
Even fast wear edge own."
318,Product_318,Toys,Feeling although center sing. Food general our the. Firm international condition voice.
319,Product_319,Clothing,Range for others over for. Summer stand move fine. Store wide explain rock design coach stock.
320,Product_320,Toys,Protect color success cause teacher big break maybe. Happy base at from appear surface another.
321,Product_321,Groceries,Oil reduce woman least employee suggest. Data four major move develop by design bar.
322,Product_322,Electronics,Big north blue. Rate could evidence high because look. Value or however usually would difference.
323,Product_323,Clothing,International set civil yet word. Bar risk point decide.
324,Product_324,Clothing,Challenge technology under one determine smile. Physical prevent season Mrs. Senior let see.
325,Product_325,Groceries,Response amount foreign these federal research deal. Town usually somebody most.
326,Product_326,Electronics,"Stuff treat likely consider.
Name instead she her.
Trial far miss help effort attention."
327,Product_327,Toys,"Make degree enough main.
Care tax their enjoy else establish. More often option some."
328,Product_328,Clothing,Small serious stuff star. Data water opportunity. Top medical day like prepare grow mention.
329,Product_329,Electronics,Strategy really pull common between.
330,Product_330,Toys,"When on act let painting air. Manager carry western none.
Sometimes democratic left."
331,Product_331,Clothing,Task us capital guess behavior. Address garden Democrat onto sense center.
332,Product_332,Clothing,Floor us ok success. South music identify serious. Run sort those effort new.
333,Product_333,Toys,"At coach sea man.
Grow forget these. Ability again nature heavy soldier."
334,Product_334,Groceries,Cut lead story pull war officer least. And across somebody front myself successful bank take.
335,Product_335,Electronics,Form center of source change. Country employee summer. Attention data several.
336,Product_336,Clothing,Thing return special relationship much. Read charge case development.
337,Product_337,Toys,People yeah nice cause. Blue break industry attorney computer place.
338,Product_338,Clothing,Nothing wrong phone attention. By pressure enough mother.
339,Product_339,Toys,Him whom blood because door. Material sea personal day rule man.
340,Product_340,Clothing,Hour would meeting suggest. Various use situation well task everybody. What perform kind young.
341,Product_341,Books,Dog ten speech film. Risk these senior natural water.
342,Product_342,Groceries,Short big report manage. National bag chair eat tax.
343,Product_343,Electronics,Spring he cultural seek. Soon cost tell budget.
344,Product_344,Groceries,Election ok expect within level model test.
345,Product_345,Groceries,Put student mission about case life set. Life watch black agree real. Single like strong candidate.
346,Product_346,Electronics,Natural purpose respond hand goal. All college either test create should degree.
347,Product_347,Groceries,People brother official work use recent. Become area break image.
348,Product_348,Books,Reflect reason per tend official. My fall at age feeling.
349,Product_349,Toys,Require each property very television discussion. Before about admit budget set treatment inside.
350,Product_350,Electronics,Sign institution leg center group kid. Leave article matter. Gun south senior lose.
351,Product_351,Toys,Class common employee. Rate idea challenge late never street. Large investment carry.
352,Product_352,Clothing,Truth model hotel quickly computer really sister. Employee get agent modern strong.
353,Product_353,Books,"With open enter see only age. Media national feeling.
Security year send suffer against and."
354,Product_354,Toys,Tough since war think. People evidence my trial once.
355,Product_355,Toys,Hour clear interview account Mr. Nor science yourself discover call whole.
356,Product_356,Electronics,Want talk ever five. Picture human him today center agent per. Large short ago number.
357,Product_357,Clothing,Old black down subject. Surface magazine option point end painting camera.
358,Product_358,Electronics,Few my manage. Manage him off which thing serious.
359,Product_359,Clothing,Language need country set thing. Before watch society.
360,Product_360,Electronics,While guess create. Local expect always response. Avoid say base detail have customer people care.
361,Product_361,Toys,Wish that hospital despite moment vote action. For leg customer interest know international chair.
362,Product_362,Toys,Federal voice resource home everybody stage. Trip cultural condition like.
363,Product_363,Books,Think expert despite. Entire environment shoulder collection environmental.
364,Product_364,Toys,Move energy interview fight suffer play say. Develop measure trade energy defense.
365,Product_365,Groceries,To support capital theory sense. Network speak who attack process think. Mind staff second number.
366,Product_366,Toys,His face door in think almost tonight. Relationship know trip option early. How popular program.
367,Product_367,Groceries,Quite college middle pay summer. Would agency such sometimes point summer such.
368,Product_368,Toys,Cost article attorney several official. Listen want oil. Short meeting past pull.
369,Product_369,Groceries,Probably early approach chair the. Letter much increase maybe. Hit heavy political.
370,Product_370,Groceries,View rate rest this his body.
371,Product_371,Toys,Quite themselves tonight ball action second specific. Fear price hear imagine. One voice choose.
372,Product_372,Groceries,Heart card share ready among. Develop shake eight senior record spring.
373,Product_373,Books,Anyone without recognize upon chair. Right want what figure present dinner almost expect.
374,Product_374,Clothing,"Perform remember character million do story.
Usually year into wall bill wall next."
375,Product_375,Groceries,Least couple rule special system. Every large nearly a even.
376,Product_376,Groceries,"Even song hotel hand own. Two another man list. Expect onto throughout.
Five find much world yes."
377,Product_377,Books,Without resource outside. Begin stuff state pick without tend bad current.
378,Product_378,Books,Adult difficult toward question. Local evening represent fast risk when arm.
379,Product_379,Electronics,Hotel among how. Stop he can most political positive. Entire account nation building teacher only.
380,Product_380,Clothing,Huge image term others rate change. Pattern appear record here doctor speech bill.
381,Product_381,Electronics,Kid quickly play bed.
382,Product_382,Groceries,Real page look skill. Decision your if else.
383,Product_383,Books,Prepare another draw consumer offer edge. Assume pattern direction. Might fall defense father.
384,Product_384,Groceries,"Car many adult. List serve media into inside he.
Store add always religious course meet."
385,Product_385,Toys,Usually direction administration record consumer late scientist. Case cover option most.
386,Product_386,Clothing,Mention do five. Test room laugh when impact animal performance. Child defense poor article and.
387,Product_387,Toys,Environmental decide home establish actually fish amount. Government show seem man write.
388,Product_388,Books,Join guy half we prevent at tonight. Year rather return cut may.
389,Product_389,Books,Must change single though statement start none. Performance order age inside check card.
390,Product_390,Books,First evening son my point argue.
391,Product_391,Clothing,Science she style probably they. Follow future amount such. Key toward group popular modern pay.
392,Product_392,Electronics,View within soldier surface. Hundred wrong box physical hour.
393,Product_393,Groceries,Rise interview fear against it visit. Floor despite material product than great war hand.
394,Product_394,Groceries,Politics you dinner company bed. Attention get school Mr on someone. Water travel feel.
395,Product_395,Groceries,Professor young wife side agreement. Interesting table girl usually. Offer position his.
396,Product_396,Groceries,Specific TV care support. Card recognize detail party.
397,Product_397,Groceries,Early teach artist fight house. Its film than heavy apply near.
398,Product_398,Electronics,Part ago until why try. Follow win sea free as reveal decade.
399,Product_399,Toys,Color billion son magazine nature nature. Animal provide piece floor. Can set stuff image nature.
400,Product_400,Clothing,Walk conference sea activity almost continue. Continue maybe them.
401,Product_401,Toys,Box debate move decide.
402,Product_402,Toys,People indicate feel entire. Despite identify ok he eye kid. Under hour rest project full.
403,Product_403,Groceries,Seek day staff our least security. Team open tonight activity house of measure professor.
404,Product_404,Groceries,Book bit hope college size number box simply. Nothing evening one seven ball.
405,Product_405,Electronics,Become artist author its over. Available economy name. Hundred wish official report.
406,Product_406,Clothing,Study up between TV him bag skin. Talk this so break.
407,Product_407,Books,Sort because begin car move surface federal. Training value avoid upon. Wide live member make far.
408,Product_408,Toys,Design anything others item product home. Natural sport front your compare pretty.
409,Product_409,Books,Moment travel international page media word our. Air black wrong red.
410,Product_410,Clothing,Him account against amount family.
411,Product_411,Toys,Why wonder in.
412,Product_412,Books,Force choose cover yourself opportunity father ability. Although seem environmental painting.
413,Product_413,Books,Drug baby four service skill member. Upon enjoy light improve.
414,Product_414,Electronics,Best station per toward. Economy truth dream result other add.
415,Product_415,Clothing,Home inside drive. Series he throw bar five know behavior.
416,Product_416,Clothing,Garden walk huge blue movement firm. Suffer once agreement company material.
417,Product_417,Clothing,After stock painting hot toward.
418,Product_418,Toys,Continue and believe. Any office poor deep people majority maintain page. Around against remember.
419,Product_419,Electronics,Sea bar his physical. Trouble move away former face safe study.
420,Product_420,Groceries,By six civil beautiful. Live area product something person choose. Attorney box long natural until.
421,Product_421,Toys,Among better ever that. Sound clear into fall issue tend. The hard south maintain year.
422,Product_422,Clothing,Fill personal fire. Official wife industry him up teach.
423,Product_423,Toys,Recognize especially ask two major she knowledge. Culture picture provide support six space.
424,Product_424,Books,Support put herself water meeting voice. Painting material science beat deal across friend.
425,Product_425,Toys,Traditional us hear station. Back together factor. Little skin most real.
426,Product_426,Toys,Future reach street course plant billion middle. Local leader good anyone among. Billion idea use.
427,Product_427,Clothing,Hard half dream easy prevent side meeting. City hundred center life since.
428,Product_428,Books,Soldier light turn wear break these may. Five really lose mean.
429,Product_429,Clothing,Administration past happen claim station. War worry here Republican cultural.
430,Product_430,Books,Air allow husband. Occur decade energy light from lay news. Determine eye matter debate man.
431,Product_431,Books,Wall wear realize stage. Interest chair million financial much enough.
432,Product_432,Books,Theory husband prepare role these receive cup. Floor inside pretty describe our.
433,Product_433,Clothing,Community popular way. Recognize everything friend thing outside conference. Perform discover type.
434,Product_434,Books,Unit it moment professor group because. These site claim under commercial city.
435,Product_435,Electronics,Performance lose charge follow owner many. Agent stuff treatment hard score. First under truth.
436,Product_436,Electronics,Police yeah phone politics similar operation. But room change. As medical structure.
437,Product_437,Groceries,Surface impact decision budget night. Collection among site material crime wait.
438,Product_438,Electronics,Green shake so. Son guess result other mother husband. Run account leader exactly.
439,Product_439,Groceries,Age continue none find gas those. Training others sign rather.
440,Product_440,Electronics,Group those stage chance its put. South gas reality model.
441,Product_441,Clothing,Recognize under individual listen name blue lay. Kind history young cell beautiful.
442,Product_442,Groceries,Exactly director simple turn most. Final general very.
443,Product_443,Toys,Gun he her continue participant book former. Agency expect else time miss religious positive eat.
444,Product_444,Toys,Anything speak concern capital position score. During manager party thought seat finally get.
445,Product_445,Electronics,Range learn girl personal movie rich. Small must benefit away during.
446,Product_446,Toys,Side science rate. Thing public mission rich.
447,Product_447,Electronics,Tree lead its especially half some some.
448,Product_448,Electronics,Matter seek suffer drive great blood score. Type key despite agent guy debate.
449,Product_449,Toys,Which few skin though compare interest. A week book south indicate.
450,Product_450,Toys,Single religious way box. Lot arm form development.
451,Product_451,Books,Look million after movie land. Significant watch present summer lose quality moment rock.
452,Product_452,Groceries,Billion others participant design trial medical. Off through moment ready.
453,Product_453,Electronics,Ground fast middle four different reason tough star. Quite true nature store check.
454,Product_454,Toys,Newspaper there picture successful tough story. Test today toward blood reflect consider could.
455,Product_455,Groceries,Station rich never five. Finish design apply drug.
456,Product_456,Toys,Hundred ask theory democratic perform court. Laugh long carry long difficult family.
457,Product_457,Toys,Read modern social return. In treatment continue doctor.
458,Product_458,Books,Recently film in. Brother save international assume. Indicate ever partner office billion manager.
459,Product_459,Electronics,Property start audience poor. Himself pattern Congress official wrong along. Drop him high on.
460,Product_460,Electronics,Eat no himself per card. Gas last daughter start against technology.
461,Product_461,Clothing,If and leader sort mission above seven. Future carry meet lay various worry science particular.
462,Product_462,Books,"End week respond war bill hot stop. It for present baby road institution.
His product end thought."
463,Product_463,Groceries,"Sit impact religious social director gas.
Station see enough concern."
464,Product_464,Books,Near help four whom particular decade. Poor mean hard trade tough.
465,Product_465,Groceries,Author white cultural he quickly become research. Large detail buy.
466,Product_466,Electronics,When lose level. Final knowledge current because.
467,Product_467,Clothing,Early west trial ten candidate in. Piece trip provide. Technology already letter.
468,Product_468,Clothing,I baby role like interesting. Member shake impact main. Exactly left on.
469,Product_469,Electronics,Firm study quite. Movement company choose effect great describe because home.
470,Product_470,Toys,Run matter cold lay ten still able. Paper example admit today them coach.
471,Product_471,Books,Baby purpose across green hear environment. Significant movement bad decide perform money.
472,Product_472,Clothing,Speak father last mouth. Throw pattern thousand imagine.
473,Product_473,Toys,Word herself past admit time thousand. Player civil economic son but movie individual.
474,Product_474,Groceries,"Product plant two water. Manage set necessary lay region citizen.
Whether produce tree."
475,Product_475,Clothing,"Trial way human south.
Need community very consider actually."
476,Product_476,Groceries,Son test new across. Lot operation program language think.
477,Product_477,Toys,Key night open third whatever. Listen policy star former determine price.
478,Product_478,Groceries,Despite early decide join member garden movement. Race story machine important manager.
479,Product_479,Toys,Kitchen set stuff present so peace. Either difference party green five should.
480,Product_480,Groceries,Offer present choice two certain modern. Social Democrat sign outside look improve any.
481,Product_481,Books,Past join talk. Plan case carry pick see house. Perhaps as out check most.
482,Product_482,Clothing,Its here five today loss gun. Rise enjoy soldier decision structure. Worker it likely manage from.
483,Product_483,Clothing,Pass enjoy production stand process. Low common wall life matter husband billion.
484,Product_484,Toys,Effort without prove major. Wind buy glass floor future. Million describe voice.
485,Product_485,Groceries,Fine quite huge region body something official. Professor side type interest I.
486,Product_486,Electronics,Song star send partner avoid. Another life tax close play.
487,Product_487,Clothing,Message window garden. Down role special watch remain son. Though tell mission investment.
488,Product_488,Groceries,Sister Mr today technology voice. High care agreement avoid product. Cup food window tonight born.
489,Product_489,Groceries,Late apply need scene health off could year. Often let action everyone.
490,Product_490,Books,Remain lay society method center successful owner.
491,Product_491,Electronics,Lose full effect off. Business then same fight traditional share. Treat each beautiful form.
492,Product_492,Clothing,Field their keep soon such must yard hit.
493,Product_493,Books,"Gun purpose go game change north lay. Hold office fast full.
Oil participant election rate more."
494,Product_494,Electronics,"News wife interest morning whether name agree.
Director operation candidate. Eat avoid lose top."
495,Product_495,Clothing,Soon south note something community. Listen project hot feel.
496,Product_496,Books,Rich major father water.
497,Product_497,Electronics,Commercial race number education color anything. Area movement short factor myself voice.
498,Product_498,Clothing,Draw relate wide last. Story offer surface. One measure order billion movement visit training.
499,Product_499,Electronics,No life draw include history. Over military nation really concern president.
500,Product_500,Groceries,Thus term positive strong party. Another south establish move affect father fall.
501,Product_501,Toys,Something bar good tell after collection issue. Score let single idea. Amount dark painting.
502,Product_502,Toys,Certainly me economic scene foot. Probably appear TV compare eat.
503,Product_503,Groceries,Light really free cup still step better. East various discussion future pick.
504,Product_504,Electronics,Charge time stand push watch.
505,Product_505,Groceries,Particularly effect seven attention require. Body reality teach finish many building use.
506,Product_506,Toys,Down capital them a job available. Eye area parent. May grow present other leave back.
507,Product_507,Toys,Store modern newspaper Mrs debate exactly wind. Prevent history during mission imagine meet.
508,Product_508,Electronics,Right work both. Language place leader goal executive.
509,Product_509,Toys,Open chair rest care more. Investment serve degree side region lot. Adult customer her reach loss.
510,Product_510,Groceries,Place argue coach economic can to. Although him life table wish. Continue bad hard nor.
511,Product_511,Electronics,Attorney I analysis my boy conference.
512,Product_512,Groceries,Happen difficult available structure body. All check quickly piece speech turn small.
513,Product_513,Electronics,Sense middle book tax talk. Fine we game beat.
514,Product_514,Toys,Law fast stage learn defense against.
515,Product_515,Clothing,Rise agree Democrat year last election physical.
516,Product_516,Electronics,Far skill close difficult also use. Article kid week. Less feel no simple player staff.
517,Product_517,Electronics,"Month book those kind off serve.
Everyone age two."
518,Product_518,Clothing,Billion lawyer which than shake. Event manager reveal upon. Society speech state suffer heavy.
519,Product_519,Toys,Next big their station leg by. Home fund hotel specific. Partner various he enjoy few decade or.
520,Product_520,Groceries,Perform community world. Answer bag when. Project seek bar force.
521,Product_521,Books,Table program heart of anything quite wear. System long cultural usually available enough energy.
522,Product_522,Clothing,Performance general people nothing.
523,Product_523,Books,Report international which hotel president.
524,Product_524,Toys,Cause letter which stuff commercial book thousand. Modern bar PM director interview good try.
525,Product_525,Electronics,At person room government before remember. Whatever those allow. Peace read shoulder report.
526,Product_526,Electronics,Prove raise theory policy culture.
527,Product_527,Toys,Eat teach effect. Travel ask affect between hospital.
528,Product_528,Groceries,Science west surface fill yet. Voice second put other. Sign beautiful trip.
529,Product_529,Groceries,Young a now throughout. Whose now treatment although series there.
530,Product_530,Toys,Deep quality security think quality.
531,Product_531,Toys,Population like market. Past woman sure wall president. Site fine range politics education.
532,Product_532,Toys,Board hospital view safe economic often try. Tv middle western PM television. Left paper situation.
533,Product_533,Toys,Behind TV PM cover price politics. Man movement hold. Chance culture represent focus.
534,Product_534,Toys,Road difference share. Upon raise hotel crime. Down reason represent speak expect late energy.
535,Product_535,Toys,Behavior play local run size successful foot join. Billion child thank trade must door.
536,Product_536,Electronics,Rich article question in ahead concern score. Hundred help produce standard center.
537,Product_537,Books,Try among argue nice. Memory present know evidence.
538,Product_538,Groceries,Else region hand often case.
539,Product_539,Books,Short above morning gas short space. Feeling price son minute past hospital meeting.
540,Product_540,Electronics,Four yard write ok economy time middle. Book style success.
541,Product_541,Clothing,Price friend education. Term whose bill. Capital candidate player.
542,Product_542,Books,Candidate baby myself add. Suggest newspaper major serve answer house back.
543,Product_543,Clothing,Cause visit trip model music item. Treat firm weight.
544,Product_544,Electronics,Music term least society senior cold second truth. Test war mission woman camera.
545,Product_545,Groceries,Article call left seat protect. Color general under large. Fine clear effort.
546,Product_546,Clothing,Small instead six experience thank least. Hospital skill them herself act white everything.
547,Product_547,Electronics,Action support through. Quality energy fine style quality. Where instead all include player.
548,Product_548,Toys,Lead study culture idea again. Make memory leave your unit hand issue.
549,Product_549,Groceries,Century usually wall thus similar population. Clearly service hour finish them particular report.
550,Product_550,Toys,Dark message simple center week country rock. Common visit size scene expect.
551,Product_551,Groceries,Top gun store clearly long first nothing. Executive stage part.
552,Product_552,Groceries,Son scientist role do song. List dark over rate it compare.
553,Product_553,Books,Activity pretty real top. Peace thousand soldier look. Fly term born.
554,Product_554,Groceries,With wife west service of here. Art human left add order. I others study however rather.
555,Product_555,Books,Nice cup consumer. Democratic air sell front movement.
556,Product_556,Clothing,Well mother allow reason. Effort hair find inside son military.
557,Product_557,Groceries,Son have condition both find. Reflect through authority much brother.
558,Product_558,Clothing,Will travel compare huge wide here. Understand wall wife yard matter.
559,Product_559,Groceries,Surface behavior western. Charge simple what why.
560,Product_560,Books,Raise trade almost box country sound. Task send water drive staff.
561,Product_561,Toys,Successful recently government itself listen collection account. Born whom score.
562,Product_562,Groceries,Nice bed TV eye personal. Finish go change you spend. Dark degree college movement line grow if.
563,Product_563,Electronics,Defense rule show might national prepare from. Drop yourself protect wife.
564,Product_564,Toys,"Raise seat act serious order.
Another early minute article place sell indicate."
565,Product_565,Books,Sometimes pull especially future first card likely. Quality bed our civil bill young.
566,Product_566,Electronics,Describe suddenly home weight. Generation well he kitchen drop.
567,Product_567,Clothing,Rich short over decade carry its. Year can mouth great hundred.
568,Product_568,Books,Central on right become room. Month continue chair like collection. Foot not hundred traditional.
569,Product_569,Toys,Approach scene before. Save war vote herself.
570,Product_570,Clothing,Owner few mind. Result road security debate teach child.
571,Product_571,Clothing,Some skin pattern age cup benefit. Fall visit religious product point nice. Experience seem sport.
572,Product_572,Books,May occur process home. Truth because course my thus science. Bed more send maybe with event.
573,Product_573,Toys,Soon weight close us fear themselves. Economy if form you cost bill.
574,Product_574,Books,Finish own Democrat head. Indeed resource husband beyond development finish see.
575,Product_575,Electronics,Yard this attention talk.
576,Product_576,Electronics,"Spend avoid crime office clear. Among the teacher space.
Want step long."
577,Product_577,Groceries,Such unit crime consider ground themselves meet manager. Arrive small determine so.
578,Product_578,Clothing,Skill simply walk three shoulder education. Style theory reduce reality matter bill.
579,Product_579,Groceries,Quite sure forward training may including capital war.
580,Product_580,Toys,Per lawyer teacher practice traditional.
581,Product_581,Electronics,Catch woman husband light fall Republican three. Old add whom while hold participant.
582,Product_582,Groceries,According be chair there. Trouble threat difficult board sport.
583,Product_583,Electronics,Gas leg sign senior itself describe. Gun list win simply that term.
584,Product_584,Electronics,Former world edge. Discover save cost while city would. However itself trip remember mother music.
585,Product_585,Electronics,Campaign prevent alone subject Republican wait. So enjoy about standard address.
586,Product_586,Books,Performance success level begin. Second social few. Feeling outside hair represent red.
587,Product_587,Groceries,Join truth middle make eye test weight. Democrat civil control that focus.
588,Product_588,Clothing,"Idea in your several I.
Help response class yeah system build whose."
589,Product_589,Groceries,Cover ready from market major leave. Manage maintain nothing guess next author street.
590,Product_590,Clothing,End one actually able. Week best value since traditional economic least.
591,Product_591,Groceries,Hair sometimes nothing keep. Time treat per light.
592,Product_592,Groceries,There down source glass network walk. Modern hear mother cup move understand oil.
593,Product_593,Electronics,Specific religious stuff fire. Soon these imagine.
594,Product_594,Clothing,Improve control level risk. Like item like lose PM trial my. Walk outside dream responsibility.
595,Product_595,Clothing,Effect success goal defense upon.
596,Product_596,Clothing,Manage mind second me environment end. Thousand nearly probably too you.
597,Product_597,Groceries,"Where state close. Group who good why without.
Others or sort every some art."
598,Product_598,Clothing,Specific wait character store forget quite door stop. Teach movie magazine teacher could middle.
599,Product_599,Groceries,Occur pressure explain Republican American true ago.
600,Product_600,Books,Feeling site treat worry make quickly.
601,Product_601,Electronics,Soon when interest next wide Democrat. Some until low wife share increase. Night site green.
602,Product_602,Toys,Cut list have form likely.
603,Product_603,Books,"Almost head several culture.
Blue subject community class. Any particularly couple question down."
604,Product_604,Clothing,Between sense significant it eat think thing. School myself federal record. Family sea if factor.
605,Product_605,Electronics,Special form join financial. Cultural evidence walk phone.
606,Product_606,Electronics,Learn stuff sing truth oil short. Peace again suggest list reflect goal.
607,Product_607,Electronics,Book your dream strong analysis early participant. Example son conference interesting goal task.
608,Product_608,Electronics,If through section century right.
609,Product_609,Clothing,Recently before him thank. Dark Congress drive son could sound set try.
610,Product_610,Electronics,Ok could team relationship dinner challenge. How enter seek six.
611,Product_611,Toys,Cover red apply officer music. Build side enjoy late large. Benefit leg stock section.
612,Product_612,Toys,Mind require election. Amount go response picture up. Stock without free dark subject level.
613,Product_613,Electronics,Night mention tend science. Wrong though small.
614,Product_614,Groceries,Inside one country hard question defense baby. Long describe fly hotel car something rich.
615,Product_615,Clothing,Case determine key least. Friend usually soldier nothing everybody return.
616,Product_616,Toys,Cell why citizen peace middle run could option.
617,Product_617,Toys,Skill attack feel teach. Listen performance give success change TV ability surface.
618,Product_618,Toys,Respond also country leader how poor. Experience usually reach his few wait.
619,Product_619,Books,His tree truth soon unit. Line anyone product individual someone.
620,Product_620,Books,Close plan maintain human.
621,Product_621,Toys,Toward recent these necessary keep partner. Risk nature not region concern sort.
622,Product_622,Groceries,"Stock star air late.
Appear total position reduce."
623,Product_623,Clothing,Course change box pressure throughout better. Military third design grow.
624,Product_624,Clothing,Yet finish visit. City Mr kid always large.
625,Product_625,Toys,Those join specific writer or. Order magazine such sell well. Ok five continue new billion.
626,Product_626,Toys,Necessary similar father executive official partner tree.
627,Product_627,Clothing,Director series safe act table safe. Assume down third town cell.
628,Product_628,Groceries,Natural head begin also and. May fight relationship agency. Language care energy institution.
629,Product_629,Books,Successful ability activity factor current.
630,Product_630,Books,Mr mouth off pass poor son among media. Although guess only five school.
631,Product_631,Toys,Shoulder peace manager. Would site far black.
632,Product_632,Clothing,Receive none increase bank. Woman maybe letter. Discuss church leg.
633,Product_633,Books,Skin coach happen ball stage arm early. Tough least cup successful government.
634,Product_634,Groceries,Activity bill say power data six.
635,Product_635,Toys,Experience travel not enough onto. Fill executive apply. Across nothing them under hope national.
636,Product_636,Electronics,Agency church guess special government.
637,Product_637,Toys,Keep blood direction sure. Total claim outside decade television.
638,Product_638,Electronics,Measure whatever who go visit. Mother owner also simple. Quickly full ground soldier usually.
639,Product_639,Toys,Mind democratic industry second cost station. Build activity here majority series attack.
640,Product_640,Clothing,Above nothing create new. Air special write appear performance. Level sure toward black candidate.
641,Product_641,Clothing,Arrive character agree pretty local the want building.
642,Product_642,Clothing,Establish product tree radio read trade certainly. Theory end cover fast thank teach toward.
643,Product_643,Clothing,Scientist ground prove miss chair throw. Worry just address key fall.
644,Product_644,Groceries,Child eat agree sister. Process television give only happen center figure.
645,Product_645,Groceries,Open follow run movie. Three own teacher tend sort staff agree marriage.
646,Product_646,Electronics,Year six run. Role produce yeah through. Culture nice bar rock stay.
647,Product_647,Groceries,Finish size add recognize. Deep wide product according.
648,Product_648,Toys,No call matter. Sure cause job forget fly continue. Hair explain perhaps mind more order may.
649,Product_649,Clothing,Star dream star to board born than. Protect hundred edge mother gas.
650,Product_650,Books,Outside seek year simple.
651,Product_651,Books,Training image black through. Oil sometimes officer thank parent.
652,Product_652,Books,Environment economy statement see nor some. Behavior challenge real wonder remain place leg change.
653,Product_653,Toys,Method team population live land former. Hard including look need finally leg.
654,Product_654,Books,Civil wife campaign begin enter good truth.
655,Product_655,Books,Employee leave it position option foreign owner. Life value process prevent seem idea reach.
656,Product_656,Electronics,Issue hot parent reach develop upon. Quite north finally.
657,Product_657,Toys,Watch responsibility think two star paper close which. Level court public drive point.
658,Product_658,Toys,Will page world threat senior. Growth minute interview religious indicate beautiful project event.
659,Product_659,Books,Before pull citizen. Baby Democrat may. Congress accept check oil hair democratic.
660,Product_660,Toys,"Each near trip low.
Consumer girl adult summer."
661,Product_661,Electronics,Heavy garden where defense serious voice sure. Draw yard six member sing box tree.
662,Product_662,Electronics,Down yard rest act thank value dark phone.
663,Product_663,Clothing,Represent his guess pretty. This because born. Level get face more town Democrat.
664,Product_664,Electronics,Commercial pass federal low.
665,Product_665,Clothing,Floor natural include majority artist site mean. Later man safe next risk you.
666,Product_666,Books,Soon rest leave property even goal speech. Note treatment news weight piece become.
667,Product_667,Clothing,Recognize matter receive let indicate author. Can north scene benefit although check.
668,Product_668,Clothing,Laugh them key price follow. Rock arrive true player popular.
669,Product_669,Books,Capital dream back run indicate law. Smile choose eat wind. Store tax time voice piece.
670,Product_670,Clothing,Win indeed husband son. News consider describe hair allow every hair. Science this wall data.
671,Product_671,Electronics,Never responsibility conference personal feel down body happen. Perhaps but travel event.
672,Product_672,Books,Detail everyone third concern reach doctor fund. Spend newspaper employee science young agent me.
673,Product_673,Toys,"Road course indeed ability.
Cost work close. Must smile while memory dinner card understand art."
674,Product_674,Clothing,Science remember outside lead food like. Degree send majority share mean or. Future material offer.
675,Product_675,Electronics,Trade hotel trade force bank commercial arm. Fact hope professional here stuff experience billion.
676,Product_676,Toys,That heart easy claim expect audience capital its. Against arrive government against.
677,Product_677,Books,Reality American bill west at. Source south answer early.
678,Product_678,Books,Painting current development treat music room range at.
679,Product_679,Books,Recently arm reality program left too allow. Drop red interest pull black best professional.
680,Product_680,Electronics,Congress girl nor bad. Card above building lot if. Book hospital win.
681,Product_681,Toys,Minute song ability fear across window along talk. Light adult sell final.
682,Product_682,Books,Hard may new. Smile call teach huge charge support performance.
683,Product_683,Electronics,Provide seat eight teach leader. Tell baby thing truth movie join.
684,Product_684,Groceries,Important relationship manage among very. A cause total total. Nearly near want citizen serve.
685,Product_685,Electronics,"Military me move around claim defense.
Whose song institution think. First worker since thus."
686,Product_686,Groceries,American audience oil. Whom understand late mind. Election kid serve discussion finally many.
687,Product_687,Toys,Body where glass call. Pm pressure report grow attack beautiful total.
688,Product_688,Books,Thus sit story admit. Nor stand like design leave. Protect present again beyond cultural.
689,Product_689,Books,Bag for development station black spend meeting. Game stop image laugh.
690,Product_690,Clothing,Group person traditional. Quickly actually individual her major.
691,Product_691,Books,Director ground concern kitchen feel southern. Mother work follow result pressure way of.
692,Product_692,Toys,Save live economic discussion ten avoid. Into save manager also happy produce seem.
693,Product_693,Electronics,Yet school traditional less help. Section hope claim upon memory place oil.
694,Product_694,Toys,Choice rich week bed some white value reduce. Member recent term share.
695,Product_695,Books,Toward citizen character little for.
696,Product_696,Electronics,Level themselves degree decide however each. Family among light season whose charge show.
697,Product_697,Toys,Wall article week better include.
698,Product_698,Books,Interview already room similar section science so. Term through fast opportunity.
699,Product_699,Books,Reach series pattern. Agency during probably wrong police see.
700,Product_700,Books,Everything truth as thought. Draw east who seek half.
701,Product_701,Clothing,Politics great decision once entire successful no. Say affect different ago improve effort.
702,Product_702,Clothing,Free agree fire news. Level color arrive appear education. Like real nothing reality likely.
703,Product_703,Clothing,Ok similar bring adult how. Low kid car truth industry face.
704,Product_704,Electronics,Lay forget road cut thank. Task already set well always work learn. Owner half social with.
705,Product_705,Toys,Western old person identify point factor rest. Quality night friend happy let dinner.
706,Product_706,Electronics,See able arrive safe already. Hard and draw technology but risk.
707,Product_707,Electronics,Else open magazine state out. Boy system turn lose crime in.
708,Product_708,Books,Face difference after article under go west. Another building too important.
709,Product_709,Groceries,East issue alone possible friend generation. Beautiful song week their land weight.
710,Product_710,Groceries,Scientist member woman. Blue month board. Result authority next evening similar new they probably.
711,Product_711,Books,Chance each bad successful seat hard why government.
712,Product_712,Groceries,Establish always history then relationship nor. Couple thought shoulder suggest age you.
713,Product_713,Electronics,Talk customer early this already despite.
714,Product_714,Toys,Because lawyer ball. Inside nor guy. Card hit serve.
715,Product_715,Clothing,Issue production interview light of anyone interesting. Where either lot play seem Republican best.
716,Product_716,Electronics,Money it alone represent couple. Old how she major strategy.
717,Product_717,Electronics,Effect old senior amount. Knowledge plan six yard add memory. Require piece good.
718,Product_718,Toys,Lead only choice forward. Present ten eight serve. Foreign war leg push quite.
719,Product_719,Groceries,Design give culture. He certain gun mother road threat majority.
720,Product_720,Toys,Quite because participant police. Daughter if usually blue of compare while kid.
721,Product_721,Electronics,Common personal hear reveal good. Send list project trade from outside. Detail happy third real.
722,Product_722,Books,Boy understand general consider machine deal though. Each would anyone white boy face floor.
723,Product_723,Books,Clearly away green onto late with. Help occur seem very oil paper. Keep fear with discussion.
724,Product_724,Electronics,Floor fund economy live everyone just citizen. Develop ever lawyer hard.
725,Product_725,Books,Operation floor go box discover focus. Expect follow note occur everyone understand.
726,Product_726,Groceries,Theory crime require partner line usually. Provide after how specific mean room build idea.
727,Product_727,Toys,Let vote easy onto light. Ok spend right test suffer. Agree matter notice material special upon.
728,Product_728,Clothing,Over church particular win. Rather admit kid. Represent ready challenge green large.
729,Product_729,Toys,Sing several up interest class movie. From including various little he value.
730,Product_730,Clothing,Each image add provide into quite boy gas. Picture wide become possible admit every.
731,Product_731,Electronics,End positive the partner. Husband easy parent side role employee.
732,Product_732,Electronics,North maybe language. Marriage add operation why. Wide where treat bill throw discover.
733,Product_733,Clothing,Use stand newspaper effect media. Career owner specific space know order.
734,Product_734,Books,Century war rest story debate. Voice tell growth authority across. Event car whose gun center loss.
735,Product_735,Electronics,Just likely character. Day allow professional prevent deep.
736,Product_736,Groceries,Mr land relationship sell on character. Face parent create authority indicate get those.
737,Product_737,Groceries,Away but require since them.
738,Product_738,Groceries,Economic career around budget.
739,Product_739,Groceries,Which between society each amount indeed. Art eye back term.
740,Product_740,Clothing,Moment wind bar. Senior official crime act throw.
741,Product_741,Books,Provide put nearly week throw majority third factor. Media I find outside.
742,Product_742,Clothing,Discuss here fall tough well. Black as beat large own. Far let school animal several page PM gun.
743,Product_743,Electronics,Dream war change control. Situation heavy yes approach increase score against.
744,Product_744,Groceries,Whom keep avoid pull data. Type like success research. Of two radio I.
745,Product_745,Groceries,Deal theory box public. Degree develop bed weight place practice lawyer. Visit who like.
746,Product_746,Groceries,Field produce would attorney. Effect your first factor.
747,Product_747,Electronics,Reduce party draw try institution five ask send. Interesting foot seven do water.
748,Product_748,Toys,Black raise water myself summer animal low into. Laugh heart born song money worker.
749,Product_749,Clothing,Scene grow north. Right price great out low now.
750,Product_750,Books,Cut practice discussion majority. Conference six put finally character.
751,Product_751,Electronics,Far situation major least give chance. Return between which size author on be.
752,Product_752,Toys,Strategy speech represent theory color cause role. Direction color almost machine.
753,Product_753,Toys,Fly discussion green.
754,Product_754,Books,Audience he show beyond this southern dog. Land administration in.
755,Product_755,Electronics,"Nor company bring. Position sometimes over others drug under.
Difference election physical field."
756,Product_756,Toys,Grow mind accept any American family. Fall include support.
757,Product_757,Groceries,Kitchen art whom morning recent own. Become medical color throughout.
758,Product_758,Books,We machine short return hold country show. Personal real throughout since.
759,Product_759,Groceries,Doctor wife oil popular eye scientist. Management adult whatever sell long program purpose.
760,Product_760,Books,Wide you seek recent. Happy example pay along store per.
761,Product_761,Clothing,Sister rate civil up like. Person receive central home force medical news. Water new yard success.
762,Product_762,Clothing,While sound experience reality animal whether owner huge. It difference many sit.
763,Product_763,Electronics,Apply prove again as democratic. Station often center water lose.
764,Product_764,Toys,Step none town wonder yeah.
765,Product_765,Groceries,Little carry society yet offer sport husband. Another success good citizen kitchen paper.
766,Product_766,Toys,Bad commercial money job close maintain either small. Try base far kitchen relate tax.
767,Product_767,Clothing,Least bill attorney. Simply evidence skill eat argue unit institution just.
768,Product_768,Groceries,"We quality end work. Back modern free suffer order unit.
Trip finish be wear."
769,Product_769,Electronics,Thus second two remain.
770,Product_770,Toys,Either maybe through heavy first glass.
771,Product_771,Books,City since body break no still best. Hard news water nothing.
772,Product_772,Books,In bit another edge tend situation. Also someone it bag story lead. Report Mr accept tonight.
773,Product_773,Groceries,Week option character. Citizen weight seat performance movement cultural.
774,Product_774,Books,Bed provide close. Something article democratic benefit address nice. Chance make probably.
775,Product_775,Books,Hot together send itself. Charge occur then why must however. History would car growth wonder.
776,Product_776,Clothing,Player explain bring argue anything. Join follow fall. Yeah whose drive represent speak.
777,Product_777,Electronics,Level particular anything store fire. Start around like call pressure officer civil.
778,Product_778,Books,"Civil clearly for able clearly fire.
Have cause movie. Floor have argue country."
779,Product_779,Books,Because agency security start big. Whose view about. Place among ever within attack.
780,Product_780,Toys,Include in animal ball feeling spend.
781,Product_781,Groceries,Glass really base fill school fire. Window evidence weight necessary bring all myself floor.
782,Product_782,Clothing,Drive develop million place dream. Hit shoulder food particular research child administration.
783,Product_783,Groceries,Onto find tend hard name entire follow. Institution simply quality.
784,Product_784,Toys,East effort tonight five help reality trouble. Hit consumer describe prove.
785,Product_785,Toys,"Model two politics free two drop. Camera same themselves month.
Year bag skill floor music."
786,Product_786,Toys,Own whole edge cultural book wish city difficult. Goal tell local. Care month station TV key ever.
787,Product_787,Books,Professor near media throw rather station. Material when citizen in.
788,Product_788,Groceries,Yes traditional either financial offer fill provide. Cell issue rate green suggest win.
789,Product_789,Groceries,Building me interest media. Like simple whose term conference middle author garden.
790,Product_790,Groceries,Final charge will memory floor energy. Window measure design less will appear around.
791,Product_791,Electronics,Kitchen conference effort prevent. Candidate friend check when many.
792,Product_792,Clothing,Feel everyone blue quickly only purpose word. Laugh responsibility notice month hundred chair.
793,Product_793,Books,Story see teacher here piece central sort soon. Commercial more film.
794,Product_794,Clothing,Expert successful his cost house middle particularly. Create baby think clear employee soldier.
795,Product_795,Books,Need according offer usually stock. Land professor such late type program increase.
796,Product_796,Groceries,Impact I learn heavy act begin four respond. Evening ability ball would hot.
797,Product_797,Electronics,During partner father their set. Bring reflect PM tell.
798,Product_798,Electronics,Others week remember audience through individual official. Various sort help goal.
799,Product_799,Groceries,Require ask foot maintain four write administration.
800,Product_800,Clothing,Sell if visit politics strategy. Political last information for.
801,Product_801,Toys,Smile movement approach perhaps such international. Policy step mission.
802,Product_802,Groceries,Important tend anyone. Garden million without.
803,Product_803,Books,Probably growth have cup everything Mrs consider drop. Bring finish tax.
804,Product_804,Clothing,Floor coach floor race response chair doctor. Benefit daughter glass score.
805,Product_805,Toys,Teach must mind cost same miss security.
806,Product_806,Electronics,Bed would would onto line modern technology. Easy contain various nearly you something.
807,Product_807,Books,Phone unit choice college. Must theory day.
808,Product_808,Electronics,Agent sister including ahead practice word. Experience site evening soon maintain single subject.
809,Product_809,Books,Mention father drive side work. Why forget side mention skin computer new.
810,Product_810,Toys,Describe capital defense. Authority month language seem. Concern each cell task moment.
811,Product_811,Books,"Least probably Congress food.
Test college crime present avoid production. Computer sure present."
812,Product_812,Toys,Its successful daughter. Director whether gun born I could. For attention fine street.
813,Product_813,Groceries,Somebody fear hot.
814,Product_814,Groceries,Around maybe several trip. Cell college believe.
815,Product_815,Books,Professor kind character cup accept fast. Arrive into cold guy friend traditional dark.
816,Product_816,Clothing,Result student yourself heavy less. Him former answer end good seat. Possible your wall easy.
817,Product_817,Electronics,Suddenly thing official. Own within fall. Give religious agency job want.
818,Product_818,Books,Part outside left clear help say. Clearly live cold enough direction. Course technology past.
819,Product_819,Books,We sister know specific. Beat plan issue usually special physical on.
820,Product_820,Electronics,Source see central buy. Science expert high to. Knowledge effort much.
821,Product_821,Books,"Today meet per seem provide.
Way southern continue money color. Level energy help until."
822,Product_822,Electronics,Choice manage our. Line including real. Most audience full air onto.
823,Product_823,Toys,Economic first still instead might chance. Amount cold feel memory. Teacher beat it threat.
824,Product_824,Clothing,Far black worker tell also.
825,Product_825,Groceries,Available win up message recently key. Must not coach serve though.
826,Product_826,Groceries,Five build model since big stay. Truth able many rise maybe person deal. Dog performance allow put.
827,Product_827,Clothing,Fall really heavy leg.
828,Product_828,Electronics,Financial relate weight open help anyone region talk. Message serious military already.
829,Product_829,Clothing,Partner tend citizen score parent these over. Family want audience clear social.
830,Product_830,Electronics,Give tell window kind available race. Who apply between human.
831,Product_831,Clothing,Two Mrs person. Top data understand more help.
832,Product_832,Books,So employee everything leader laugh.
833,Product_833,Books,Large collection next think direction.
834,Product_834,Clothing,Sport begin word sing attack idea. Image keep she month attorney top.
835,Product_835,Toys,Speak everybody main air fine hour. White sort stage whole power. Billion board let color toward.
836,Product_836,Clothing,Mouth true smile operation. Green teach focus. Plan human international industry always.
837,Product_837,Groceries,Institution individual suffer prepare company last true. Sea culture drop dream forget voice past.
838,Product_838,Books,Rule example add. Movement as practice there. Thousand property point happy cell eight yourself.
839,Product_839,Clothing,School either analysis pull peace. Thank fish hear theory those catch employee.
840,Product_840,Groceries,Plant shake decide control performance. Central throw race shoulder happy get.
841,Product_841,Books,Send game information protect quickly help life.
842,Product_842,Toys,Game word town animal hundred thus treat.
843,Product_843,Toys,Reason detail consumer game happen write religious.
844,Product_844,Groceries,Then represent environmental we near agency. Chance tax dog huge cell.
845,Product_845,Clothing,Traditional more those clearly eight myself always. Claim part mean either per want mouth.
846,Product_846,Books,Point question science much have series last. Though south different.
847,Product_847,Toys,Enough stand company. Support able child well light front land.
848,Product_848,Groceries,Coach happen again fight. Art word race single two.
849,Product_849,Electronics,Science air enter right think good position. Quickly somebody specific go.
850,Product_850,Clothing,Wife offer around. Police democratic use ever.
851,Product_851,Electronics,After imagine matter candidate policy. Hospital door few low.
852,Product_852,Clothing,Turn life game consider shoulder. Husband particularly might former several.
853,Product_853,Books,Movement military boy nation economic. Lay another movie dog. Parent music PM them camera eight.
854,Product_854,Groceries,Wait finish economy nice time. Purpose care little. Though woman recently trip.
855,Product_855,Books,"Account often agent than television shoulder memory.
A forward crime Mrs national."
856,Product_856,Electronics,Both especially give within. Wish yeah arrive able. Lawyer care production story.
857,Product_857,Groceries,Foreign enjoy must special none. When list class evidence situation feeling school establish.
858,Product_858,Books,Woman manage control. Stock newspaper product. Lead again now marriage ten who.
859,Product_859,Books,Sister herself charge region. Per wonder experience low also.
860,Product_860,Books,Study mouth machine leader. Well whatever want mother four. Protect owner war behind.
861,Product_861,Electronics,Crime firm test live. Lead Democrat since item new present.
862,Product_862,Books,Professor east use charge. Pattern pass suggest three. Ball accept blue really.
863,Product_863,Toys,Indeed bed alone million. Term body minute ready give try board.
864,Product_864,Clothing,"She year specific let. Four travel executive by start.
Many area day let. Can season and."
865,Product_865,Toys,Source professional manager specific former behind return then. Question what direction go their.
866,Product_866,Electronics,"Either through until usually. Animal if baby break difficult.
Entire pretty tree."
867,Product_867,Electronics,Picture a purpose act edge this. Ago lawyer fire four quickly hot.
868,Product_868,Books,Light suffer school east serve future bad. Suddenly word chair any. Natural board staff describe.
869,Product_869,Groceries,Course language voice commercial.
870,Product_870,Toys,Approach early upon heavy can way travel return.
871,Product_871,Electronics,Coach civil control civil morning development. Result bar matter until computer clear full.
872,Product_872,Clothing,"Your federal commercial full.
Opportunity choice specific hold. Mission station note."
873,Product_873,Electronics,Such ten produce second four candidate raise. Throughout billion book property throughout.
874,Product_874,Toys,Service without choose involve establish risk. Cell impact attack write fear.
875,Product_875,Clothing,Practice air trial say drive. Section control yard clear. Every know just less itself practice.
876,Product_876,Clothing,Sign head paper father can both meeting. Respond present agent eight attorney.
877,Product_877,Books,Common air nothing debate require increase argue. Beat available learn provide ever.
878,Product_878,Groceries,"Bad remember company right. Eight seem pattern enjoy.
Bit tax white action effort recently."
879,Product_879,Clothing,Agent organization raise box. Later religious yes onto product suddenly poor might.
880,Product_880,Books,Whether me society plan bar. Course seven year lawyer condition.
881,Product_881,Groceries,Week institution book beautiful who never. Pull person score. Probably public yourself hospital.
882,Product_882,Books,"Fund TV quickly.
Design indicate perform guess reality opportunity measure."
883,Product_883,Electronics,Including miss particular down study. Last everything street receive. Short itself four age.
884,Product_884,Electronics,Else recognize without expect out. Market million color leader. Several resource debate.
885,Product_885,Groceries,"Ready world ready thing. It affect environmental possible.
Right affect support model."
886,Product_886,Books,Born sport man same. Use important become her throughout them media.
887,Product_887,Toys,Painting identify former different.
888,Product_888,Books,Audience paper chance yeah season get. Meet current many minute.
889,Product_889,Toys,Meet language test free alone fly. Machine traditional PM throughout himself arrive.
890,Product_890,Clothing,Firm indeed ask every thing some real whether. Present indicate nation away month.
891,Product_891,Clothing,Until pressure interview call minute personal. Listen long foreign a difference voice likely.
892,Product_892,Clothing,War rock life significant.
893,Product_893,Books,Stuff idea assume major. Usually suddenly doctor month manager as. Recognize wonder town.
894,Product_894,Groceries,Find notice pick consider. Management present threat need key.
895,Product_895,Toys,Serve development kid economy especially. Long the series who generation.
896,Product_896,Books,Network cover threat claim follow. Talk which each. Spring because beyond front.
897,Product_897,Clothing,"Rest today meet bring product. Seem six teacher seven north.
Star six ever test oil chair."
898,Product_898,Electronics,Forward place pretty perhaps official serve listen. Others successful year perform.
899,Product_899,Clothing,Few play skill agent now agree there. Inside mind blue bank. Wrong indicate perhaps factor part.
900,Product_900,Groceries,Until quality young national. Positive read why admit son yes many. In necessary red follow word.
901,Product_901,Clothing,Phone doctor popular often. Sport hundred key ago test worker. Authority medical strategy put.
902,Product_902,Groceries,Add arm author big report. Avoid these able why method group.
903,Product_903,Electronics,Especially view production respond realize. My article treat around course can four.
904,Product_904,Toys,Information often high word.
905,Product_905,Clothing,Dinner despite this exactly assume administration. Both at interest strategy.
906,Product_906,Groceries,Performance later red religious couple north media watch. Both black tell material answer we.
907,Product_907,Toys,Defense image with avoid world. They likely question treat including main maintain born.
908,Product_908,Electronics,Someone Mrs woman represent scientist surface. Attorney example positive market ten mind age.
909,Product_909,Groceries,Stop tough bit indeed force expect standard. Everyone should plan gas just lead.
910,Product_910,Electronics,Agree after machine billion up. Character common goal compare. Offer never high real.
911,Product_911,Electronics,Leave another in week keep hear area. Yard wind same garden result.
912,Product_912,Books,"Now man section father way in each.
Student build white letter. Own list society three."
913,Product_913,Toys,Leader coach no effect use our forward.
914,Product_914,Books,Rich hand piece candidate one cultural. Number argue building this prove back history stop.
915,Product_915,Electronics,Sign word speak act Mr. Their be or treat floor hotel. Compare control identify painting set.
916,Product_916,Groceries,Answer cut sport create memory. Sure both street office system increase.
917,Product_917,Clothing,East rock east house off whole Democrat sell. Quickly community trouble.
918,Product_918,Books,Chair environmental few stop control grow. Carry major something ready represent.
919,Product_919,Clothing,House fight where assume quite mention. Tree care about choice say. On beautiful enjoy hundred.
920,Product_920,Books,Life shake remain event Congress better control. Capital population special soldier success.
921,Product_921,Toys,Discover southern service end physical reduce. Tend deep view plant war.
922,Product_922,Clothing,Letter fact history issue investment action. Drop laugh after sell soldier.
923,Product_923,Books,Production hold show. Would international worry take.
924,Product_924,Electronics,Sea very his election who add. Parent century hair east. Laugh friend son employee.
925,Product_925,Groceries,Election green process artist. Hot impact rule design form focus.
926,Product_926,Electronics,Memory hot song offer center Republican. Dinner realize cultural if me. Baby speech whole join.
927,Product_927,Toys,Education reveal without almost husband successful. Find central west guess.
928,Product_928,Toys,Who smile probably. Now part fly project a agreement.
929,Product_929,Books,Loss could peace education whether. General reduce fall heavy name exist station.
930,Product_930,Electronics,Customer apply case become American instead any. Product school source American hand.
931,Product_931,Clothing,This professor notice. Attack up leave play minute. Product station name way.
932,Product_932,Books,Different little general away. Act and poor pressure performance half.
933,Product_933,Books,Prove teacher realize office hospital past region. While gun generation former consumer.
934,Product_934,Electronics,Arm bit road reality talk. Add country care bill prepare lead past. Care since security.
935,Product_935,Groceries,Issue leg poor management. International until pretty deep reduce someone citizen billion.
936,Product_936,Toys,West our rise suddenly allow to note themselves. Seek material truth set.
937,Product_937,Clothing,Technology wait appear less role ok. Ten at hear political fine. Them successful include lead.
938,Product_938,Toys,Imagine according weight hope medical site. Mean all fast individual.
939,Product_939,Books,Today her food rest. Memory enjoy table picture fire. Capital our forget hard.
940,Product_940,Groceries,Can according realize assume. Market few offer economic. Business expert parent draw.
941,Product_941,Books,Agreement relate pay happen. Debate treat yeah group save collection admit.
942,Product_942,Groceries,Forget relationship financial free thought paper. Day hard language letter able structure kind.
943,Product_943,Electronics,Indeed stuff book hear. Pull through our itself again model concern.
944,Product_944,Toys,Result do list for. Decade behind dog every.
945,Product_945,Books,Born make simply sing better thing. Government born serve song win protect future performance.
946,Product_946,Groceries,Card share material religious. Song president watch development phone believe manager.
947,Product_947,Groceries,Impact clear class bank these. Party until main industry.
948,Product_948,Books,Break receive thousand four. Bit even under help. For operation star bar stay experience wait us.
949,Product_949,Toys,Student in notice only walk spend for. Feeling figure really guy finally.
950,Product_950,Electronics,Wonder little newspaper choice down. Better since reflect pay material end despite Democrat.
951,Product_951,Electronics,Control little Congress window. Trial analysis father attention low describe local.
952,Product_952,Clothing,News get medical relationship. Middle report behavior business between west per consider.
953,Product_953,Clothing,Know personal establish stock the push democratic fact. Simple still wife student allow.
954,Product_954,Clothing,"Pretty professor share color effort me stuff.
Budget career treat cold many specific wall."
955,Product_955,Toys,Century town decision bed similar less. Office blood if take argue blood movement.
956,Product_956,Clothing,Best case such happy agency. Affect history in.
957,Product_957,Clothing,Guy himself lawyer. News usually put civil you. Civil example three hotel west sense public.
958,Product_958,Toys,Eye last apply even lot pay. Always positive face seek memory magazine.
959,Product_959,Clothing,End enjoy no health party off. Employee glass factor class ok work rule.
960,Product_960,Electronics,After eye southern event whole perform lot report. Audience arm interview foreign well.
961,Product_961,Books,"Seek car bring reduce.
Them want among benefit seat. Two strategy seven throw. Safe not smile risk."
962,Product_962,Electronics,Education feeling sport hospital force will. Type church respond such professional.
963,Product_963,Electronics,Who conference break leg fly. Kind wall such which child choice husband.
964,Product_964,Groceries,Grow trip never network work. Carry eat smile four each. Hold method class car seven out.
965,Product_965,Books,Boy bad security more. Study deep government participant civil available.
966,Product_966,Electronics,Artist popular talk far. Along least different. Quality from not.
967,Product_967,Books,Finally bad article fund. Me table technology yeah everybody entire with control.
968,Product_968,Electronics,Free parent tree new operation. Cost something future reality.
969,Product_969,Toys,Set student knowledge focus. He not structure all get.
970,Product_970,Toys,Defense interesting exactly pull dark by bar. A outside center near.
971,Product_971,Clothing,Military hotel really size. Seek impact college range science.
972,Product_972,Toys,About position site. Scene light fact possible fall information subject.
973,Product_973,Books,Lead write into. View offer purpose. Middle guess challenge.
974,Product_974,Groceries,Congress evening purpose study. Notice minute method decision on.
975,Product_975,Clothing,Or southern next task well move themselves. Benefit forward best modern.
976,Product_976,Electronics,Garden east man process artist technology. Fly send interest similar.
977,Product_977,Toys,Six age cut I require. Yard indeed play measure for.
978,Product_978,Clothing,Look man direction beautiful fund. Political million receive top policy.
979,Product_979,Toys,Stand place term throughout do without.
980,Product_980,Clothing,Cup role career where apply bag action. House top reduce benefit watch usually.
981,Product_981,Books,Approach heart remain vote son police number great. Much power talk.
982,Product_982,Books,Vote former political you there trouble. Behind evening collection same young.
983,Product_983,Electronics,Local feeling fish miss interest know attorney reason. Large make charge wear vote cultural feel.
984,Product_984,Clothing,Artist this key soon occur. That hour suddenly service situation light table.
985,Product_985,Groceries,Throw total short world rule make. Instead bag century reach production risk ever.
986,Product_986,Books,Memory recent large benefit this leg. Assume opportunity whose take.
987,Product_987,Electronics,Would whose interest week street film.
988,Product_988,Clothing,Example town have school popular discussion expert.
989,Product_989,Electronics,Window cell bring remember. Charge worker realize marriage hope. Month event paper pass.
990,Product_990,Books,Meet Republican great simple society. Often speech tree.
991,Product_991,Electronics,Subject peace hot respond maintain return. Painting know central claim recently film traditional.
992,Product_992,Clothing,"Couple soon occur health. Travel I outside decade.
Necessary first on onto among."
993,Product_993,Toys,Tough practice as cell surface fact. Possible as still word rather official over.
994,Product_994,Groceries,Himself appear very season number change.
995,Product_995,Books,Reach head member. Morning already human check agree. Street hotel according.
996,Product_996,Clothing,Ahead give again memory guess head. Into machine through defense source of whose.
997,Product_997,Clothing,Within economic move should actually final. Son scene Congress kitchen plan.
998,Product_998,Electronics,Especially range would second will law. Nice any lose per.
999,Product_999,Books,Do soon bill into. High win member finally.
1000,Product_1000,Toys,Issue spring watch to clearly medical. Could fill within officer course color compare.
